Date(DD/MM/YYYY),Observance Name,Pillar / Scope,Category,Official,Description,Source
01/01/2026,New Year's Day,NIGERIA,public_holiday,YES,Celebration of the first day of the year under the Gregorian calendar. A statutory public holiday across all 36 states and the Federal Capital Territory.,"Public Holidays Act, Laws of the Federation of Nigeria"
15/01/2026,Armed Forces Remembrance Day,NIGERIA,observance,YES,"Commemorates the surrender of Biafran troops on 15 January 1970, honoring fallen servicemen and military veterans of the Nigerian Armed Forces.","Ministry of Defence, Federal Government of Nigeria"
16/01/2026,ECOWAS Human Rights Day,AFRICA,observance,YES,"Established by the ECOWAS Authority to promote regional human rights, civic freedoms, social justice, and constitutional rule across West African member states.",ECOWAS Commission Declaration
24/01/2026,International Day of Education,GLOBAL,observance,YES,"Celebrates the role of education for peace, sustainable development, and economic opportunity worldwide.",United Nations (UNESCO)
26/01/2026,International Day of Clean Energy,ENERGY,energy_sector,YES,"Declared by the UN General Assembly (Resolution 77/327) and coinciding with IRENA's founding date, this day mobilizes global action for inclusive and just clean energy transitions to achieve SDG 7.",United Nations General Assembly Resolution A/RES/77/327 & IRENA
02/02/2026,World Wetlands Day,GLOBAL,observance,YES,"Raises global awareness about the vital role of wetlands for biodiversity, water security, and climate resilience.",Ramsar Convention & United Nations
28/02/2026,World Sustainable Energy Day,ENERGY,energy_sector,NO,"One of the premier international conferences and observances advancing energy efficiency, biomass, solar heating, and industrial decarbonization.",OÖ Energiesparverband & European Energy Transition Network (Industry-recognized)
03/03/2026,Africa Environment and Wangari Maathai Day,AFRICA,observance,YES,"Established by the African Union to raise awareness on pressing environmental challenges, land restoration, and honoring the legacy of Nobel Laureate Wangari Maathai.",African Union Assembly Decision (Assembly/AU/Dec.397(XVIII))
08/03/2026,International Women's Day,GLOBAL,observance,YES,"Global celebration of the social, economic, cultural, and political achievements of women, accelerating gender equality and empowerment.",United Nations Observances (un.org)
20/03/2026,Eid al-Fitr (Sallah),NIGERIA,public_holiday,YES,Islamic 'Festival of Breaking the Fast' marking the conclusion of Ramadan. The Federal Government declares a 2-day national public holiday based on moon sighting confirmation.,Nigerian Supreme Council for Islamic Affairs (NSCIA) & Ministry of Interior
21/03/2026,International Day of Forests & Biomass,GLOBAL,observance,YES,"Celebrates and raises awareness of the importance of all types of forests for carbon sequestration, watershed protection, and sustainable biomass energy.",United Nations (FAO)
22/03/2026,World Water Day,GLOBAL,observance,YES,Advocates for the sustainable management of freshwater resources and highlights the vital nexus between clean water and clean hydropower generation.,United Nations (UN-Water)
23/03/2026,World Meteorological Day,GLOBAL,observance,YES,"Commemorates the 1950 entry into force of the Convention establishing the World Meteorological Organization (WMO), vital for renewable resource forecasting (solar irradiance, wind corridors) and climate early warning.",World Meteorological Organization (WMO)
24/03/2026,World Tuberculosis Day,GLOBAL,observance,YES,"Official WHO global public health day commemorating Dr. Robert Koch discovery of Mycobacterium tuberculosis in 1882, mobilizing investment in primary healthcare and epidemic control.",World Health Organization (WHO)
30/03/2026,International Day of Zero Waste,ENERGY,energy_sector,YES,"Promotes sustainable consumption and production patterns, circular economy models, and waste-to-energy technologies that minimize greenhouse emissions.",United Nations General Assembly (UNEP & UN-Habitat)
03/04/2026,Good Friday,NIGERIA,public_holiday,YES,Solemn Christian holy day commemorating the crucifixion and death of Jesus Christ at Calvary. Observed as a statutory federal public holiday in Nigeria.,Federal Government of Nigeria Public Holidays Gazette
06/04/2026,Easter Monday,NIGERIA,public_holiday,YES,Celebrates the resurrection of Jesus Christ and concludes the Easter weekend. A recognized nationwide public holiday with community and family festivities.,Federal Government of Nigeria Public Holidays Gazette
07/04/2026,World Health Day,GLOBAL,observance,YES,"Marks the founding of the World Health Organization (WHO), focusing attention on primary healthcare access, clean indoor air, and healthcare electrification.",World Health Organization (WHO)
22/04/2026,Earth Day,GLOBAL,observance,YES,"Worldwide event demonstrating support for environmental protection, reforestation, renewable power expansion, and climate change mitigation.",Earthday.org & United Nations
24/04/2026,African Vaccination Week,AFRICA,observance,YES,"African Union initiative to promote immunization across the continent, highlighting the critical role of solar-powered cold chains and clinic electrification.",African Union & WHO African Region
25/04/2026,World Malaria Day,GLOBAL,observance,YES,"Official World Health Organization (WHO) observance highlighting global and African efforts to control and eradicate malaria, vector management, and public health clinic electrification.",World Health Organization (WHO) & Roll Back Malaria Partnership
01/05/2026,Workers' Day (May Day),NIGERIA,public_holiday,YES,"Celebrates the achievements and contributions of Nigerian workers across labor unions, energy utilities, civil service, and private enterprise.","Ministry of Interior, Federal Government of Nigeria"
09/05/2026,Europe Day,GLOBAL,observance,YES,"The official annual day of the European Union, commemorating the 1950 Schuman Declaration which proposed pooling European coal and steel production, laying the foundation for modern European cooperation and clean energy transitions.",European Union (European Commission & Parliament)
25/05/2026,Africa Day,AFRICA,observance,YES,"Commemorates the founding of the Organisation of African Unity (now African Union) in 1963. Celebrates African unity, pan-African cultural pride, and Agenda 2063 aspirations.",African Union (au.int)
27/05/2026,Children's Day,NIGERIA,observance,YES,"National observance celebrating the welfare, rights, and education of Nigerian children with state school parades, youth programs, and cultural festivities.",Federal Ministry of Women Affairs and Social Development
27/05/2026,Eid al-Adha (Feast of Sacrifice),NIGERIA,public_holiday,YES,Major Islamic holiday honoring the willingness of Prophet Ibrahim to sacrifice his son. A statutory 2-day federal holiday featuring communal prayers and charity distributions.,Ministry of Interior & Nigerian Supreme Council for Islamic Affairs
28/05/2026,ECOWAS Day,AFRICA,observance,YES,"Commemorates the signing of the Treaty of Lagos on 28 May 1975 founding the Economic Community of West African States (ECOWAS) in Lagos, Nigeria, advancing regional integration, free movement, and joint power development.",ECOWAS Commission & Treaty of Lagos
31/05/2026,World No Tobacco Day,GLOBAL,observance,YES,"Created by WHO Member States in 1987 to draw attention to tobacco epidemic risks, secondhand smoke, and corporate sustainability.",World Health Organization (WHO)
05/06/2026,World Environment Day,GLOBAL,observance,YES,"The United Nations flagship day for inspiring worldwide awareness and action for the environment, from biodiversity protection to rapid clean energy deployment.",United Nations Environment Programme (UNEP)
08/06/2026,World Oceans Day,GLOBAL,observance,YES,"Highlights the crucial role of oceans in climate regulation, marine biodiversity, and the growing potential of offshore wind and marine tidal energy.",United Nations (un.org/en/observances/oceans-day)
10/06/2026,European Sustainable Energy Week (EUSEW),ENERGY,energy_sector,YES,"The European Commission flagship observance dedicated to renewable energy, energy efficiency, cross-border grid interconnections, and clean tech development partnerships between Europe and Africa.",European Commission Directorate-General for Energy
12/06/2026,Democracy Day,NIGERIA,public_holiday,YES,"Commemorates Nigeria's transition to civilian democracy and honors the historic June 12, 1993 presidential election won by Chief M.K.O. Abiola.",Federal Government of Nigeria Public Holidays Act Amendment (2018)
14/06/2026,World Blood Donor Day,GLOBAL,observance,YES,Official WHO global campaign celebrating voluntary unpaid blood donors and emphasizing reliable cold-chain refrigeration for transfusion safety in rural clinics.,World Health Organization (WHO)
15/06/2026,Global Wind Day,ENERGY,energy_sector,NO,"Coordinated by the Global Wind Energy Council (GWEC) and WindEurope, celebrating wind energy's power to reshape global electricity markets and decarbonize economies.",Global Wind Energy Council (GWEC) & WindEurope (Industry-recognized)
16/06/2026,Day of the African Child,AFRICA,observance,YES,"Honors the courageous students who marched for right to quality education in Soweto, South Africa in 1976. Spotlights children's education and child rights across Africa.",African Union (au.int)
21/06/2026,World Solar Day,ENERGY,energy_sector,NO,"Observed on the summer solstice, celebrating solar photovoltaic and thermal energy as the fastest growing electricity generation technologies worldwide.",International Solar Energy Society & Clean Energy Associations (Industry-recognized)
26/06/2026,World Refrigeration & Clean Cooling Day,ENERGY,energy_sector,YES,"Raises awareness about energy-efficient, climate-friendly cooling technologies, cold chain logistics for agriculture, and sustainable HVAC solutions.",World Refrigeration Day Secretariat & UNEP OzonAction
06/07/2026,ECOWAS Renewable Energy & Energy Efficiency Day (ECREEE Day),ENERGY,energy_sector,YES,"Marks the official inauguration of the ECOWAS Centre for Renewable Energy and Energy Efficiency (ECREEE), driving off-grid solar, mini-grids, clean cooking, and energy transition standards across West Africa.",ECOWAS Commission & ECREEE Strategic Framework
18/07/2026,Nelson Mandela International Day,AFRICA,observance,YES,"In recognition of the former South African President's contribution to freedom, peace, and reconciliation. Encourages individuals to spend 67 minutes serving their communities.",United Nations & African Union (Nelson Mandela Foundation)
28/07/2026,World Hepatitis Day,GLOBAL,observance,YES,"Official WHO observance raising global awareness of viral hepatitis, promoting universal screening, and expanding vaccine coverage across vulnerable populations.",World Health Organization (WHO)
31/07/2026,Pan-African Women's Day,AFRICA,observance,YES,"Commemorates the 1962 Pan-African Women's Conference in Dar es Salaam, championing women's leadership in governance, agriculture, and clean energy entrepreneurship.",African Union & Pan-African Women's Organization (PAWO)
12/08/2026,International Youth Day,GLOBAL,observance,YES,"Spotlights youth-led innovations in technology, green jobs, and civic leadership across developing and developed nations.",United Nations (UN Youth)
26/08/2026,Eid el-Maulud (Mawlid al-Nabi),NIGERIA,public_holiday,YES,Celebrates the birth and life of the Holy Prophet Muhammad (peace be upon him). A statutory federal public holiday in Nigeria marked by prayer and charitable gifts.,Federal Ministry of Interior & NSCIA
07/09/2026,International Day of Clean Air for Blue Skies,ENERGY,energy_sector,YES,"Established by the UN to emphasize the urgent link between air pollution and combustion of fossil fuels, advocating for clean electric cooking and renewable transport.",United Nations General Assembly Resolution 74/212
09/09/2026,African Union Day,AFRICA,observance,YES,"Commemorates the historic Sirte Declaration of 9 September 1999 that decided the establishment of the African Union, accelerating continental economic integration.",African Union Commission (au.int)
17/09/2026,World Patient Safety Day,GLOBAL,observance,YES,"Established by the 72nd World Health Assembly to foster global awareness of healthcare safety, clinical infrastructure reliability, and quality medical service delivery.",World Health Organization (WHA Resolution 72.6)
21/09/2026,International Day of Peace,GLOBAL,observance,YES,"Dedicated to world peace, ceasefire, and non-violence, highlighting the role of resource equity and sustainable infrastructure in conflict prevention.",United Nations General Assembly
21/09/2026,International Zero Emissions Day (ZeDay),ENERGY,energy_sector,YES,"Global annual observance designed to give the planet a day off from fossil fuel emissions, accelerating 100% renewable power generation, electric mobility, and clean industrial decarbonization.",International Zero Emissions Day Movement & Clean Energy Coalition
01/10/2026,Independence Day,NIGERIA,public_holiday,YES,Commemorates Nigeria's proclamation of independence from British colonial rule on 1 October 1960. The premier national holiday celebrated with state addresses and cultural parades.,Constitution of the Federal Republic of Nigeria & Public Holidays Act
07/10/2026,Energy Efficiency Day,ENERGY,energy_sector,NO,"Collaborative campaign by utilities, clean tech companies, and consumer advocacy groups emphasizing that saving energy is the quickest, cheapest way to reduce emissions.",Energy Efficiency Day Coalition (Industry-recognized)
08/10/2026,National & Global Hydrogen Day,ENERGY,energy_sector,NO,"Observed on 10/08 in reference to hydrogen's standard atomic weight of 1.008, championing green hydrogen, fuel cells, and hard-to-abate industrial decarbonization.",Fuel Cell & Hydrogen Energy Association (Industry-recognized)
10/10/2026,World Mental Health Day,GLOBAL,observance,YES,"Recognized by WHO and the World Federation for Mental Health to champion mental health advocacy, eliminate stigma, and expand workplace and community psychosocial support.",World Health Organization (WHO) & World Federation for Mental Health
13/10/2026,International Day for Disaster Risk Reduction,GLOBAL,observance,YES,"United Nations observance (UNDRR) promoting disaster resilience, resilient critical energy infrastructure, flood mitigation, and early warning systems across vulnerable developing nations.",United Nations Disaster Risk Reduction (UNDRR)
16/10/2026,World Food Day,GLOBAL,observance,YES,"Marks the founding of the UN Food and Agriculture Organization (FAO). Highlights agrisolar, solar irrigation pumps, and productive use of energy in food security.",Food and Agriculture Organization (FAO)
17/10/2026,World Geothermal Energy Day,ENERGY,energy_sector,YES,"Highlights baseload renewable geothermal heat and electricity production, celebrating innovations in continuous clean power from Kenya Olkaria fields to global rift zones.",International Geothermal Association (IGA)
21/10/2026,Africa Human Rights Day,AFRICA,observance,YES,"Commemorates the entry into force of the African Charter on Human and Peoples' Rights in 1986, reaffirming justice, civil liberties, and the right to development.",African Commission on Human and Peoples' Rights (ACHPR)
22/10/2026,World Energy Day,ENERGY,energy_sector,NO,"Initiated during the World Energy Forum in 2012 and endorsed by numerous national energy ministries, this day raises awareness about universal energy access, smart grids, and clean power investment.",World Energy Forum Declaration (Industry-recognized observance; not UN-designated)
24/10/2026,United Nations Day,GLOBAL,observance,YES,"Marks the anniversary of the entry into force of the UN Charter in 1945, celebrating multilateral cooperation, human rights, and the Sustainable Development Goals.",United Nations (un.org)
31/10/2026,World Cities Day,GLOBAL,observance,YES,"Designated by the UN General Assembly to promote global interest in sustainable urbanization, distributed rooftop solar, clean transit networks, and urban resilience.",United Nations (UN-Habitat)
01/11/2026,Africa Youth Day & National Youth Day,AFRICA,observance,YES,"Proclaimed by the African Union Assembly and concurrently recognized in Nigeria to celebrate youth empowerment, digital tech skills, and green entrepreneurship.",African Union Assembly Decision & Federal Ministry of Youth Development
04/11/2026,Africa Energy Transition Observance,ENERGY,energy_sector,NO,"Dedicated to highlighting pan-African energy security, grid interconnection (WAPP), off-grid solar mini-grids, and gas-to-power transition frameworks.",African Energy Chamber & Regional Power Pools (Industry-recognized)
15/11/2026,World Off-Grid Solar Day,ENERGY,energy_sector,NO,"Celebrated by GOGLA, off-grid energy companies, and rural electrification agencies to spotlight stand-alone solar home systems and productive use equipment powering unserved rural communities.",GOGLA (Global Off-Grid Solar Industry Association) & Sector Partners (Industry-recognized; unverified UN status)
20/11/2026,Africa Industrialization Day,AFRICA,observance,YES,"Established by the African Union and the UN to promote sustainable manufacturing, value addition, renewable energy industrialization, and AfCFTA trade.",African Union & United Nations General Assembly Resolution 44/237
01/12/2026,World AIDS Day,GLOBAL,observance,YES,"Designated by WHO and UNAIDS to unite worldwide efforts against HIV/AIDS, remember lives lost, and accelerate equitable access to antiviral treatments and testing.",World Health Organization (WHO) & UNAIDS
02/12/2026,World Nuclear Energy Day,ENERGY,energy_sector,NO,"Celebrates peaceful, low-carbon nuclear power and small modular reactors (SMRs) providing reliable zero-emission baseload electricity.",World Nuclear Association & International Nuclear Societies (Industry-recognized)
10/12/2026,Human Rights Day,GLOBAL,observance,YES,"Commemorates the adoption of the Universal Declaration of Human Rights by the United Nations in 1948, including the evolving recognition of energy access as an essential right.",United Nations (un.org/en/observances/human-rights-day)
25/12/2026,Christmas Day,NIGERIA,public_holiday,YES,"Celebrates the birth of Jesus Christ. A major nationwide public holiday characterized by church services, family reunions, homecoming feasts, and carol services across Nigeria.",Federal Government of Nigeria Public Holidays Act
26/12/2026,Boxing Day,NIGERIA,public_holiday,YES,"Follows Christmas Day as a statutory public holiday dedicated to charitable giving, gift-sharing, and community gatherings throughout Nigeria.",Federal Government of Nigeria Public Holidays Act
